{"stats":{"minecraft:used":{"minecraft:deepslate_tiles":36107,"minecraft:quartz_bricks":864,"minecraft:polished_blackstone_brick_slab":17631,"minecraft:dark_prismarine":16228,"minecraft:diorite":576,"minecraft:sea_lantern":4127,"minecraft:black_concrete":17379,"minecraft:chiseled_deepslate":6561,"minecraft:smooth_quartz_slab":20568,"minecraft:crimson_slab":19448,"minecraft:polished_diorite_slab":23388,"minecraft:white_terracotta":8365,"minecraft:crimson_planks":6602,"minecraft:polished_blackstone_bricks":10561,"minecraft:white_wool":8208,"minecraft:basalt":24681,"minecraft:black_stained_glass":576,"minecraft:terracotta":16884,"minecraft:white_carpet":20601,"minecraft:dark_prismarine_slab":576,"minecraft:diorite_slab":289,"minecraft:polished_diorite":1392,"minecraft:gray_stained_glass":20304,"minecraft:shroomlight":4659},"minecraft:picked_up":{"minecraft:chiseled_deepslate":6562,"minecraft:black_stained_glass":576,"minecraft:polished_blackstone_brick_slab":17632,"minecraft:polished_diorite_slab":23388,"minecraft:basalt":24681,"minecraft:gray_stained_glass":20304,"minecraft:diorite_slab":301,"minecraft:polished_blackstone_bricks":10561,"minecraft:crimson_planks":6602,"minecraft:diorite":576,"minecraft:sea_lantern":4137,"minecraft:dark_prismarine":16263,"minecraft:quartz_bricks":864,"minecraft:dark_prismarine_slab":576,"minecraft:white_carpet":20715,"minecraft:shroomlight":4660,"minecraft:black_concrete":17167,"minecraft:polished_diorite":1393,"minecraft:deepslate_tiles":36107,"minecraft:white_terracotta":8506,"minecraft:terracotta":16884,"minecraft:white_wool":8208,"minecraft:smooth_quartz_slab":20568,"minecraft:crimson_slab":19449},"minecraft:custom":{"minecraft:time_since_rest":1286439,"minecraft:damage_taken":1440,"minecraft:walk_one_cm":249,"minecraft:minecart_one_cm":400,"minecraft:play_time":2245387,"minecraft:deaths":6,"minecraft:leave_game":15,"minecraft:time_since_death":1286439,"minecraft:total_world_time":2382062}},"DataVersion":3120}