{"stats":{"minecraft:dropped":{"minecraft:black_concrete":130,"minecraft:sea_lantern":2},"minecraft:used":{"minecraft:deepslate_tile_wall":2,"minecraft:shroomlight":2,"minecraft:sea_lantern":19,"minecraft:dark_prismarine":30,"minecraft:oak_trapdoor":1,"minecraft:piston":111,"minecraft:water_bucket":1,"minecraft:honey_block":75,"minecraft:polished_blackstone_brick_slab":3,"minecraft:activator_rail":220,"minecraft:warped_trapdoor":4,"minecraft:dropper":1187,"minecraft:smooth_quartz_slab":20,"minecraft:dispenser":6,"minecraft:powered_rail":19,"minecraft:redstone":89,"minecraft:slime_block":37,"minecraft:green_wool":78,"minecraft:stone_button":58,"minecraft:crimson_slab":1,"minecraft:chest":25,"minecraft:redstone_block":61,"minecraft:white_shulker_box":158,"minecraft:hopper_minecart":69,"minecraft:polished_blackstone_wall":11,"minecraft:basalt":58,"minecraft:diamond_block":1,"minecraft:repeater":3,"minecraft:anvil":3,"minecraft:target":76,"minecraft:rail":2,"minecraft:white_carpet":5,"minecraft:iron_trapdoor":1,"minecraft:hopper":70,"minecraft:birch_sign":27,"minecraft:cobblestone_wall":2,"minecraft:white_stained_glass":45,"minecraft:minecart":2,"minecraft:observer":109,"minecraft:green_stained_glass":13,"minecraft:repeating_command_block":1,"minecraft:packed_ice":4,"minecraft:black_concrete":161,"minecraft:note_block":13,"minecraft:white_concrete":516,"minecraft:cake":1,"minecraft:snowball":32,"minecraft:obsidian":73,"minecraft:moss_block":289,"minecraft:lever":2,"minecraft:sticky_piston":108},"minecraft:picked_up":{"minecraft:basalt":20426,"minecraft:polished_diorite_slab":1829,"minecraft:stone_button":17,"minecraft:diorite":2415,"minecraft:redstone":30,"minecraft:sea_lantern":3596,"minecraft:dark_prismarine":7817,"minecraft:polished_diorite":2196,"minecraft:activator_rail":34,"minecraft:black_concrete":6659,"minecraft:comparator":1,"minecraft:wooden_shovel":6,"minecraft:terracotta":10846,"minecraft:powered_rail":4,"minecraft:white_shulker_box":6393,"minecraft:moss_block":16,"minecraft:smooth_quartz_slab":2449,"minecraft:crimson_slab":1},"minecraft:custom":{"minecraft:time_since_rest":3707340,"minecraft:inspect_dropper":849,"minecraft:sprint_one_cm":8306,"minecraft:damage_taken":80,"minecraft:walk_one_cm":111276,"minecraft:interact_with_anvil":3,"minecraft:drop":6,"minecraft:inspect_hopper":128,"minecraft:tune_noteblock":847,"minecraft:fly_one_cm":19696297,"minecraft:open_chest":268,"minecraft:crouch_one_cm":17114,"minecraft:play_time":3707340,"minecraft:open_shulker_box":211,"minecraft:sneak_time":79548,"minecraft:jump":415,"minecraft:interact_with_brewingstand":1,"minecraft:eat_cake_slice":5,"minecraft:leave_game":35,"minecraft:time_since_death":3707340,"minecraft:total_world_time":6078679,"minecraft:fall_one_cm":209,"minecraft:inspect_dispenser":39}},"DataVersion":3120}